Row,Average,Standard_Deviation,Range,Median
DTW Median,0.00884763607662928,0.0219590692132712,0.625681,0.0009
DTW Weighted Median,0.00871753364222756,0.0225162916201531,0.717409,0.000441
DTW 95th Percentile,0.0364523630667735,0.0602960385245401,1.500625,0.012996
Baseline Deviation,0.275523581008013,0.833252446946454,9.603801,0.023716
Fractional Peak,0.254747452753526,0.673366884072612,9.5481,0.024649
Peak Latency,0.245081149771581,0.753975489359317,9.467929,0.006889
Fractional Area,0.0738073298310897,0.264526847783694,9.431041,0.005184
