Row,Average,Standard_Deviation,Range,Median
DTW Median,0.00457632386750801,0.0151357881539955,0.674041,0.00027225
DTW Weighted Median,0.00426180236169872,0.0157189793137059,0.675684,6.4e-05
DTW 95th Percentile,0.0248137762278846,0.046064467956264,1.498176,0.006889
Baseline Deviation,0.187955382967628,0.610427893709366,9.603801,0.017689
Fractional Peak,0.186723750174199,0.555151695690944,9.535744,0.008281
Peak Latency,0.113748639746795,0.462795087419295,9.455625,0.0001
Fractional Area,0.0378089284733974,0.16758664939966,9.418761,0.002116
