Row,Average,Standard_Deviation,Range,Median
DTW Median,0.000984525603327923,0.00333215407534285,0.334084,6.40000000000001e-05
DTW Weighted Median,0.000398982915543829,0.00253855296256475,0.335241,9.00000000000002e-06
DTW 95th Percentile,0.0156772854920455,0.0257890896137279,0.708964,0.005625
Baseline Deviation,0.108982798988149,0.322429984418162,9.603801,0.014161
Fractional Peak,0.0548124007066558,0.225488055813442,9.418761,0.001521
Peak Latency,0.016268927675487,0.0916725144161445,6.195121,4.00000000000001e-06
Peak Area,0.00628428263798701,0.0283803411578351,3.500641,0.0004
